ID,Response
ID_ZPMABNVX,
ID_WFE91NAA,
ID_JV11RBRK,
ID_6B7SVKY9,
ID_GOVUZ545,
ID_A3SFW973,
ID_HERGG0GD,
ID_S36UV4BY,
ID_9E10P1ZZ,
ID_2840OCS5,
ID_JCTOSHNK,
ID_9LLVM41O,
ID_TDCG3QVS,
ID_2RE3UL3M,
ID_62X1U1Q9,
ID_79N73FHZ,
ID_CUSB2F0K,
ID_9EAC9BLH,
ID_KQNSDF1S,
ID_30PH2BQB,
ID_1ROZENIZ,
ID_14DP6I2K,
ID_YBNSBULG,
ID_EN6J3AN0,
ID_YLNY205A,
ID_JN69O071,
ID_HMQNRSKW,
ID_94W19YVD,
ID_3QFCADD4,
ID_7SQGAJEV,
ID_ORL3J2MS,
ID_ZZP16F3C,
ID_F1OA5IFK,
ID_88ZZH3F8,
ID_ECUNIT20,
ID_BSF2BAKD,
ID_2VMFU08P,
ID_F49IFMQZ,
ID_S86IE9EC,
ID_LXLOIXGQ,
ID_QCJ01BWI,
ID_MOW0IJ2P,
ID_YP1AKCV3,
ID_KVSACQLG,
ID_11N5AFNU,
ID_IQZYXI8F,
ID_36930STY,
ID_D89BUNFW,
ID_7BGL0ZAA,
ID_F1GDNP7N,
ID_Q2XRKOZL,
ID_BHN7VSWC,
ID_8429NU7K,
ID_I2DHJB1L,
ID_WKHK4001,
ID_5OBUZA1O,
ID_41LLBNJQ,
ID_KEOWXCCD,
ID_0KMNSZWV,
ID_UTLEFRXM,
ID_16MG7LYH,
ID_H24QJ2Q8,
ID_NBFRZBCE,
ID_XGLL6MQE,
ID_3JEDHRBP,
ID_DYG2GME5,
ID_D0KRDI51,
ID_LK6SIOEA,
ID_XPY9XDOP,
ID_2OTU72O6,
ID_KKL65T9F,
ID_C6TEGBKE,
ID_HW88QYQD,
ID_XWQRU9C4,
ID_QNQTI39I,
ID_LAGANIA8,
ID_SU9D6TMM,
ID_XZW6L3AQ,
ID_F1R1CDPL,
ID_SETTONXG,
ID_4FVVBY60,
ID_FSH3NSNE,
ID_MFK6E740,
ID_5JNNZ41M,
ID_FA3WWG6M,
ID_RUNUFFBD,
ID_QS6BK27S,
ID_M03QVVEJ,
ID_IYPIVY3M,
ID_ZQIN3XSK,
ID_C14G9DKZ,
ID_9I5N02TF,
ID_GOX7KLAY,
ID_UKIXMSOI,
ID_TQVUT0WV,
ID_MFF0OK76,
ID_I41JGE4L,
ID_MMMFQO70,
ID_QRQFCVY9,
ID_TZC3FVBF,
ID_4ZIJKL1Y,
ID_Z5PT2QQY,
ID_62KUVGO0,
ID_5EF89O6L,
ID_L1TNRLJV,
ID_88QP2O5S,
ID_RBIF9TW2,
ID_1R72D2C3,
ID_WPW63DHM,
ID_E0E4PSGZ,
ID_ZIOSHJQJ,
ID_S1VCN5D3,
ID_4THPGSRW,
ID_S5PA7FN5,
ID_QQIV3TL3,
ID_FKVOYNMX,
ID_HXJPIFTP,
ID_0TXHED0N,
ID_7NPIVZVQ,
ID_7GCYQMR2,
ID_XA03Q6JP,
ID_31UN0V2R,
ID_MMUKWN8H,
ID_UCHFK8QY,
ID_UOXI4R5B,
ID_SO4BANZR,
ID_5K4VR5G4,
ID_D4KM8GV0,
ID_J67W7AMR,
ID_WLE6O2Q5,
ID_OOT2KY77,
ID_7JSRFTSE,
ID_9H9CZHED,
ID_PAGZAXSJ,
ID_EQCF2IKR,
ID_0OCNOPRY,
ID_XQJP6QHV,
ID_7MZRIGE3,
ID_FCHZUYZD,
ID_W5C52PY7,
ID_O4IODBMP,
ID_FLU88JWD,
ID_8WSFGO9C,
ID_B8261IUD,
ID_92ZKN54U,
ID_LB4WDBEA,
ID_VR8MVJOF,
ID_7RQHCKUW,
ID_2J5F0JVY,
ID_6JQCAJ5M,
ID_YDFVV8CX,
ID_4QQHS4Z7,
ID_1YO7KVFJ,
ID_HXQVWVH2,
ID_J4C5XGYK,
ID_L1FHDP7V,
ID_0HYXTSTR,
ID_21TOSONZ,
ID_O6ZPYDJA,
ID_6YS39MVJ,
ID_HJ7EN631,
ID_N4B4MUNQ,
ID_4YXG3YOD,
ID_LH0UPKQ5,
ID_5RLA70KR,
ID_WIKMK3WC,
ID_NTWIYRX5,
ID_2R7HZDO7,
ID_WIDZOFKW,
ID_OJFY87YR,
ID_ND06HWTW,
ID_NZCJLQ5D,
ID_CA96RE0Y,
ID_K1Q567MO,
ID_BBKK0W63,
ID_5Y2OCIV8,
ID_JB20I2ER,
ID_D5D7PMTN,
ID_SQO9EIS0,
ID_GHMZV7CH,
ID_38LXC20T,
ID_ADE3B0EL,
ID_OY2EG5XA,
ID_7XTR8KBD,
ID_CA749GJJ,
ID_YQUIXKV2,
ID_QQWWH18P,
ID_0FGM7RDK,
ID_UQMVD6WA,
ID_I8F8T4A6,
ID_J4GRRO5P,
ID_8C2VAUZJ,
ID_E0WPA6TX,
ID_TH2651LK,
ID_9OZO47NC,
ID_L6WDRLVD,
ID_W4AS5AAL,
ID_2J1WD5IF,
ID_XKBOOIEL,
ID_MQYN6UIZ,
ID_O1AKD1NL,
ID_FV3A5O9S,
ID_AAHJLUSP,
ID_MQLAWFXW,
ID_3W1XCBOH,
ID_PE6DP9KB,
ID_ZAZ44UH6,
ID_3N7P6IDH,
ID_IBVUZV6V,
ID_UC35OUOG,
ID_CONY3E3Q,
ID_7Y2O8ZSB,
ID_3IRWULMV,
ID_G52CMIW7,
ID_TU5Q71YB,
ID_U59RO2FH,
ID_SE1PRAII,
ID_B93L67NF,
ID_9WZ3QDGS,
ID_DQ9IZC3X,
ID_09WV8II9,
ID_LWCYNAL3,
ID_QEI3UP2T,
ID_EG74NY5M,
ID_V2L7FBF8,
ID_KPHMCUGQ,
ID_2FNT8QOX,
ID_AC6CH4PW,
ID_W8FTEULZ,
ID_80INU37K,
ID_HB22MTUY,
ID_IULY0EVC,
ID_SLOL8MEU,
ID_8XIUINEL,
ID_2NS0GZVP,
ID_SQPVNGQN,
ID_GMSE05WZ,
ID_HKIAVH1K,
ID_N010II3H,
ID_DJZSIKS4,
ID_51U4G08N,
ID_YA9270YA,
ID_ATS1QZ1Z,
ID_QSWT994V,
ID_JF0CDUY1,
ID_7CKPF59J,
ID_PLN2D51T,
ID_QBX1N9E9,
ID_CW2DKPNK,
ID_DQN6TVLJ,
ID_D31G1MHN,
ID_RS0KN8BV,
ID_5Y2UJRRJ,
ID_T26G9CUE,
ID_5ITICNZZ,
ID_NNZK4DHJ,
ID_1F5XE5XN,
ID_CR8CVMJU,
ID_RZ5112TQ,
ID_RS0J1ZSD,
ID_MG671ZRR,
ID_4VPD5CI8,
ID_JELH3TI4,
ID_QH0CLRJL,
ID_12E4B1E1,
ID_YI4CJN4F,
ID_P7ADZDTW,
ID_1V2FZQZ5,
ID_OKTHVKMT,
ID_HTW26SR1,
ID_FY7LA9N2,
ID_K1F6539X,
ID_X2MGR1KQ,
ID_7VOIHMQP,
ID_ZL4ABFP2,
ID_4L82DJVX,
ID_WXOHDA93,
ID_S7XXXQ7U,
ID_DJPS5SN7,
ID_FPC21UQ1,
ID_S3CTCA76,
ID_3HK8U2U9,
ID_8W4A7KH3,
ID_8PZKQW5B,
ID_8MUON3FE,
ID_4SQBAKHH,
ID_G49V4B2Q,
ID_7WG9515B,
ID_ZBO8O7DB,
ID_06E3CLJZ,
ID_HAUMVCI6,
ID_JX8KW7XP,
ID_8O0PRJG4,
ID_F36ECQ9Z,
ID_NJGCCEHS,
ID_5W2NI9W2,
ID_U086L240,
ID_NM1TIMD2,
ID_3O0JGRE6,
ID_5DU3O4YF,
ID_F8CT3RYT,
ID_XCIB8MTE,
ID_ZCVJA8IC,
ID_0RUGHT1W,
ID_0WCX1XJR,
ID_ZUM9UDHG,
ID_3KQBF8MX,
ID_7XHPWDE0,
ID_5CF1H9VF,
ID_Y1F5GN3M,
ID_9HAJ9YMT,
ID_62P9HA3P,
ID_IO605UMR,
ID_BS7THWMU,
ID_79MMZJVV,
ID_C7388F0B,
ID_010PXSMV,
ID_BJB0BK45,
ID_YU1569RG,
ID_FVLKL03H,
ID_1BTVGW8Z,
ID_GNY02FM2,
ID_3JC3K7TJ,
ID_XCIDZXKL,
ID_6NYTQDUT,
ID_00W6902K,
ID_TTEB2Z8Z,
ID_1QMRJ32S,
ID_M4DO3G6E,
ID_1CQ3DSTE,
ID_JU2OZ2SY,
ID_O1XGRVNO,
ID_6XPNC734,
ID_NMPFCJCV,
ID_ZIMECJM7,
ID_5KLITOXK,
ID_YX1TOQLA,
ID_KKREFD96,
ID_OB3E68VS,
ID_F1BG9712,
ID_T5HHMI1G,
ID_MUW46BJ6,
ID_E0HFM0I9,
ID_IOC95CD2,
ID_3NG62SIT,
ID_6P3FTNJE,
ID_98MLG7RE,
ID_J76V2GWC,
ID_7E6HWGLX,
ID_ZR1VFS9N,
ID_3VT8QDK8,
ID_H7IHT14V,
ID_E699P7TG,
ID_WPN2SYLD,
ID_O8D6HI9O,
ID_U9U7UYVY,
ID_QEXIZAPE,
ID_IMD46U1X,
ID_WKKN8ZBY,
ID_495FWQEM,
ID_VUBWI32G,
ID_O5QE6V8F,
ID_REQQD433,
ID_CAL9DGFW,
ID_EK5ZC7RI,
ID_7X2DH7YW,
ID_SM0P0CKL,
ID_5UEJAL36,
ID_RWKHCFQN,
ID_9TYJETJI,
ID_GZM44I0H,
ID_FGASU1HF,
ID_O41RZFUW,
ID_S7ZEB59M,
ID_5H27BHRW,
ID_1I51T32D,
ID_PKLN49RT,
ID_VLA9O950,
ID_W8DF61YO,
ID_SH4Q6ZYR,
ID_FX0M1ZXB,
ID_OG9RW7K3,
ID_BVM47FCM,
ID_ORKSRCAB,
ID_LHLO0EAF,
ID_TSC2ALRU,
ID_OUNJ32MZ,
ID_P1PN7F29,
ID_RT8HNVWP,
ID_QY6RCGBL,
ID_RARXXE90,
ID_2DMR56Y0,
ID_AC54O3XL,
ID_QP1WC7FN,
ID_CS8Y1MTT,
ID_7X72BMTL,
ID_OMO4K2T4,
ID_MSK4A4RK,
ID_4R1PNIRV,
ID_3WI2L6GM,
ID_QIMBHYIB,
ID_FZQ3WSS2,
ID_248825VG,
ID_4E1632TO,
ID_IOYCTLDU,
ID_1DB7ZQ0C,
ID_AG7F40PE,
ID_G9VW3D6U,
ID_NLW52EBA,
ID_CTOT8TCK,
ID_C8YINZP1,
ID_Z9TTSMJF,
ID_2WZMHWUZ,
ID_EEDHIGDU,
ID_4LD1P3AY,
ID_7VN16GMP,
ID_RN98SNWZ,
ID_1WUYE4ML,
ID_0YZ5YRBM,
ID_L9JD28I4,
ID_JIXPX6X7,
ID_64BDXK9P,
ID_EJY87070,
ID_OQBA2VJU,
ID_4Y5NP76V,
ID_HHZT7282,
ID_A6P81O61,
ID_233MR14V,
ID_V3LM6ADM,
ID_4TF6TW11,
ID_B4RGEP47,
ID_QYRLOHNG,
ID_K0NC1W5H,
ID_N3U0I1N2,
ID_6UYZJ6OK,
ID_9EMUOZZL,
ID_JITKPF56,
ID_2UPV0MQI,
ID_FPI94OOY,
ID_H9D1B5X1,
ID_VIX3LPHG,
ID_RUE1G2DH,
ID_TFFIJ1GY,
ID_ATVMQR9E,
ID_HLBBLPIN,
ID_70GMNXVJ,
ID_Z58BF1D5,
ID_3UMUGRPP,
ID_28RWGG4G,
ID_4C5CJSX7,
ID_OFU9UA8G,
ID_RNT58R1L,
ID_ML74J60K,
ID_CV1D7K81,
ID_UM3T2MN3,
ID_SE95R37H,
ID_JBOIA6F6,
ID_OH3ZPQ0Z,
ID_74JMU61L,
ID_4IXDUB78,
ID_HO1XYAY9,
ID_YM93921G,
ID_5AUZ8MD7,
ID_DVU4QK8H,
ID_IZCSNO01,
ID_YN8DVP61,
ID_KN045ZB4,
ID_FLPX8BYP,
ID_DYQUXDVS,
ID_HAAN4FI5,
ID_X2VW0RCB,
ID_1TQACNXG,
ID_GI30LIA6,
ID_CPS75HIT,
ID_Y0LEFJ9F,
ID_SJFCE3KW,
ID_8XRMUV8L,
ID_GZWQRQ8G,
ID_689HCJXS,
ID_583DWR9O,
ID_CGRCC9MQ,
ID_UFY9E2ZQ,
ID_A42DI6V1,
ID_Z8LTJHLP,
ID_ZV7MALR3,
ID_9HD3GEXT,
ID_J72BVYKB,
ID_SEXY7XWK,
ID_C4UXIDOD,
ID_JAB1H12V,
ID_0RE4VWKA,
ID_P0I49RRA,
ID_TE244V0G,
ID_17R6216T,
ID_X9IA91A6,
ID_CA5KMLEA,
ID_Q6EWXHPL,
ID_JCDOBEQT,
ID_BH0O89PQ,
ID_8AH4XRV5,
ID_KBXP6YDL,
ID_O85NJ7AM,
ID_N204V0V0,
ID_XEMW9YNU,
ID_NBFC7089,
ID_XHATWOUY,
ID_TTSNQR5A,
ID_CRM3AY6W,
ID_UD2YSBYB,
ID_21PVFNJI,
ID_TOGCOXNX,
ID_BY1I5GEF,
ID_8YXZUDH8,
ID_H5P1B7DR,
ID_ZG9JW9SB,
ID_WPY07PAL,
ID_354BLUMN,
ID_KH9PFIGK,
ID_U77K4ND9,
ID_3G3ZDJJW,
ID_VPMP6BXB,
ID_XD7NGZRH,
ID_JUGHBNS4,
ID_OU2AGWTO,
ID_Y49Z565J,
ID_TWP41Z3B,
ID_MZ0Y10BM,
ID_JD937HRS,
ID_SFAKEGSF,
ID_U7HKK0R6,
ID_ACOPP7GN,
ID_NVL5S657,
ID_BW58AFOV,
ID_PCNVM52G,
ID_QLE69CNM,
ID_JRSKJWKD,
ID_6ANJ8GWS,
ID_JHW0Q8UC,
ID_3NR9WOYM,
ID_2Q90UHP3,
ID_4AX39R39,
ID_3UV7KSWB,
ID_4XB5850S,
ID_NJWL7IES,
ID_NFMHEEYG,
ID_FJZ9XJMH,
ID_YF072ARU,
ID_286KFBU7,
ID_5UEGHCWV,
ID_ZX60P01F,
ID_U6S0B95A,
ID_G5Y69GW4,
ID_AAZ5TKOE,
ID_BY9ABP19,
ID_2WR97Q12,
ID_RB9LXBTE,
ID_EX0IJL43,
ID_Y6RKVDEJ,
ID_BS2JS8YE,
ID_CQCZCWGX,
ID_GT9UPGMO,
ID_T32OR7NL,
ID_1XDTSD0P,
ID_Q5KXFHSS,
ID_OLP21D9I,
ID_YI4MS7G7,
ID_NED4UWWP,
ID_LCODOGR2,
ID_IRPLFXDX,
ID_45B25HUB,
ID_RS3GAAW5,
ID_36QEMOTM,
ID_NL02MXY8,
ID_XIAQHZPD,
ID_K8GOWJC4,
ID_Q0IS38G7,
ID_AQ6EZ0G8,
ID_BPAFL87X,
ID_8BJ4C0PO,
ID_31DAZR3R,
ID_T8S5WO4E,
ID_ZDTW0UKC,
ID_GBJZFSN8,
ID_B4IGH2GR,
ID_X93LVL62,
ID_13IDZD85,
ID_ZF9PNLJ9,
ID_YMLD9LJ9,
ID_F8ZB6FTY,
ID_QORJ6J2Z,
ID_A23M08EX,
ID_WBDFNY26,
ID_1SG13DJU,
ID_TAN6RBGD,
ID_1YI6Q3I0,
ID_BA612ZC2,
ID_LK1O566K,
ID_77BAGLJK,
ID_SEP3CZLS,
ID_W9STHM8T,
ID_D4N4EZBV,
ID_13PAKO0P,
ID_E5RLDSZ0,
ID_TN4G7FI1,
ID_YT6DCRYH,
ID_MAXR84OT,
ID_UWQ6MG56,
ID_3D3NJUAQ,
ID_22V6MGT0,
ID_B6F854QJ,
ID_J7VC98PM,
ID_BL6CRXZ7,
ID_082NOJH1,
ID_F6D9C13N,
ID_NS0A7BS1,
ID_CQXLPAF1,
ID_F7UGA34J,
ID_WBER0Q2Q,
ID_OALUUF1U,
ID_M24BB0ML,
ID_0QNFXMTD,
ID_VPV93NIH,
ID_LTKLLOYH,
ID_GBKFODIA,
ID_ZSOKI34N,
ID_94MP5QTX,
ID_JBE6S257,
ID_Z39AQ4AR,
ID_OL9XUPQ6,
ID_IXWD6VBD,
ID_RJADEHMQ,
ID_VDK1W87I,
ID_VFQ0ZIYW,
ID_M9PYE9SO,
ID_9B2JBAXW,
ID_IZR5DQOK,
ID_341U691F,
ID_LZAW0IIR,
ID_DBWLQSUT,
ID_6RY5FT21,
ID_SSN41VXB,
ID_WB3QEVCL,
ID_9KFA4HR7,
ID_3Z1AMETA,
ID_ETKJIL94,
ID_NANBBR1F,
ID_F9QNVMT3,
ID_HWE3MK2H,
ID_AWACR70S,
ID_O4K314EZ,
ID_3U1ZGG89,
ID_FBJMMBZ8,
ID_WIFBDYU3,
ID_JT8PH5GJ,
ID_H8TNPLJ9,
ID_TD1NSPCK,
ID_OVL8OM06,
ID_JQSHM5EN,
ID_6912N5UN,
ID_VUAGA0ZG,
ID_ME6JRJJW,
ID_QKFOGRE4,
ID_ABA9S80Y,
ID_DSRDJ06H,
ID_61N2X6TC,
ID_RPI4AKK2,
ID_F5WTAZZV,
ID_1D68PV28,
ID_TM6CYFZO,
ID_VHR666SC,
ID_O852YAO1,
ID_ML5HMWHI,
